[
  {
    "Xquestion": "kpttkjt",
    "correct_answer": "Ikki yoki undan ortiq tomonlar bajaradigan, biror-bir masalani yechish uchun loyihalashtirilgan harakatlar ketma-ketligi"
  },
  {
    "Xquestion": "kpvk",
    "correct_answer": "Protokolni bajarilishini yakuniga yetkazishga ishonch bildirilgan manfaatdor boʻlmagan uchinchi tomon"
  },
  {
    "Xquestion": "kpaqkvq",
    "correct_answer": "Sudya"
  },
  {
    "Xquestion": "apaqvit",
    "correct_answer": "kelishmovchilik kelib chiqqanda"
  },
  {
    "Xquestion": "oypttbjt",
    "correct_answer": "Tomonlar toʻgʻriligi protokollarning oʻzi bilan kafolatlanadi"
  },
  {
    "Xquestion": "iskpqsb",
    "correct_answer": "ikki tomonlama, uch tomonlama, koʻp tomonlama"
  },
  {
    "Xquestion": "yxskpqsa",
    "correct_answer": "interaktiv, nointeraktiv"
  },
  {
    "Xquestion": "kpbavqqsam",
    "correct_answer": "shifrlash/deshifrlash, elektronraqamli imzo, identifikatsiya/autentifikat-siya, kalitlarni taqsimlash protokollari"
  },
  {
    "Xquestion": "kpsknvb",
    "correct_answer": "Joriy sessiya uchun ishlatiladigan maxfiy kalit"
  },
  {
    "Xquestion": "nqnui",
    "correct_answer": "takrorlash hujumining oldini olishi uchun"
  },
  {
    "Xquestion": "skyanqnusu",
    "correct_answer": "Ikkinchi tomonni autentifikatsiyalash uchun"
  },
  {
    "Xquestion": "skyayqavb",
    "correct_answer": "Sessiya kaliti almashiladi"
  },
  {
    "Xquestion": "skytntaao",
    "correct_answer": "ikki tomonlama"
  },
  {
    "Xquestion": "m",
    "correct_answer": "M"
  },
  {
    "Xquestion": "m",
    "correct_answer": "M"
  },
  {
    "Xquestion": "kpvbnuu",
    "correct_answer": "takrorlash hujumining oldini olishi uchun"
  },
  {
    "Xquestion": "npqtpok",
    "correct_answer": "Arbitrli"
  },
  {
    "Xquestion": "erifkxam",
    "correct_answer": "Mumkin"
  },
  {
    "Xquestion": "sdnmi",
    "correct_answer": "Maʼlumotning xavfsizligini taʼminlash uchun"
  },
  {
    "Xquestion": "mpqptvh",
    "correct_answer": "Diffi-Helman"
  },
  {
    "Xquestion": "dpqtpok",
    "correct_answer": "vositachi"
  },
  {
    "Xquestion": "pkiavn",
    "correct_answer": "Ochiq kalitning kimga tegishligini aniqlash"
  },
  {
    "Xquestion": "msnussakf",
    "correct_answer": "Shirfrlash tezligi yuqori"
  },
  {
    "Xquestion": "agtqtq",
    "correct_answer": "Malumotlarni shifrlashda simmetrik, kalitlarni almashishda asimmetrik algoritmlardan foydalaniladi"
  },
  {
    "Xquestion": "rskti",
    "correct_answer": "certificate authority tomonidan"
  },
  {
    "Xquestion": "stktao",
    "correct_answer": "Qabul qiluvchi tomonidan"
  },
  {
    "Xquestion": "spqssf",
    "correct_answer": "X.509"
  },
  {
    "Xquestion": "okkqtpaf",
    "correct_answer": "Yagona CA ga asoslangan arxitektura; Tashkilot PKI ga asoslangan arxitektura; Gibrid PKI arxitektura."
  },
  {
    "Xquestion": "spqph",
    "correct_answer": "Xavfsiz pochta protokoli"
  },
  {
    "Xquestion": "spmsuqaf",
    "correct_answer": "DES; Triple−DES; RC2"
  },
  {
    "Xquestion": "spmmbtuqaf",
    "correct_answer": "SHA1"
  },
  {
    "Xquestion": "xlbbaoibpk",
    "correct_answer": "SSH"
  },
  {
    "Xquestion": "sppfxvn",
    "correct_answer": "Xavfsiz kanal hosil qilish"
  },
  {
    "Xquestion": "spnpfi",
    "correct_answer": "22"
  },
  {
    "Xquestion": "mknvb",
    "correct_answer": "Ma'lumot butunligini ta'minlaydi"
  },
  {
    "Xquestion": "ccrctvk",
    "correct_answer": "Ma'lumot butunligini ta'minlaydi"
  },
  {
    "Xquestion": "fpnpfi",
    "correct_answer": "21"
  },
  {
    "Xquestion": "fpzbqxpb",
    "correct_answer": "SFTP"
  },
  {
    "Xquestion": "hpnpfi",
    "correct_answer": "443"
  },
  {
    "Xquestion": "spqvb",
    "correct_answer": "Xavfsiz tarmoq orqali masofadan boshqarishni ta’minlash"
  },
  {
    "Xquestion": "spnui",
    "correct_answer": "Xavfsiz fayl almashish"
  },
  {
    "Xquestion": "fpmxqpat",
    "correct_answer": "TLS/SSL"
  },
  {
    "Xquestion": "spmsqaf",
    "correct_answer": "DES, AES, Blowfish"
  },
  {
    "Xquestion": "ipqsi",
    "correct_answer": "Tarmoq sathida"
  },
  {
    "Xquestion": "spsgnaan",
    "correct_answer": "Ko‘p darajali xavfsizlikni ta'minlashi"
  },
  {
    "Xquestion": "scsfnui",
    "correct_answer": "Buyruqlarni xavfsiz bajarish"
  },
  {
    "Xquestion": "tpxsvn",
    "correct_answer": "Sertifikatni autentifikatsiya qilish"
  },
  {
    "Xquestion": "ipfefnuk",
    "correct_answer": "Ma’lumotni konfidensialligini ta’minlash uchun"
  },
  {
    "Xquestion": "ppatuqaf",
    "correct_answer": "RSA"
  },
  {
    "Xquestion": "mfakn",
    "correct_answer": "Matnni shifrlash imkoniyatining yo‘qligi"
  },
  {
    "Xquestion": "sxsqksa",
    "correct_answer": "X.509"
  },
  {
    "Xquestion": "pskqhq",
    "correct_answer": "Tasodifiy sonlar generatori orqali"
  },
  {
    "Xquestion": "ppraqmi",
    "correct_answer": "Sessiya kalitini shifrlashda"
  },
  {
    "Xquestion": "pxqfu",
    "correct_answer": "ASCII belgilari shaklida"
  },
  {
    "Xquestion": "spqxukiok",
    "correct_answer": "Turli e-mail ilovalari bilan moslashuvchanligi"
  },
  {
    "Xquestion": "ppfsatq",
    "correct_answer": "DES, Triple-DES, CAST, IDEA"
  },
  {
    "Xquestion": "spqsi",
    "correct_answer": "Ilova"
  },
  {
    "Xquestion": "spromna",
    "correct_answer": "PKI xizmati"
  },
  {
    "Xquestion": "spikaq",
    "correct_answer": "RSA"
  },
  {
    "Xquestion": "sptabbnda",
    "correct_answer": "Merchant Authorization Request"
  },
  {
    "Xquestion": "sptobn",
    "correct_answer": "Toʻlovni olish"
  },
  {
    "Xquestion": "spiteydnj",
    "correct_answer": "Root Certificate Authority"
  },
  {
    "Xquestion": "sptisnuk",
    "correct_answer": "Xabarlarni bir-biriga bog‘lash uchun"
  },
  {
    "Xquestion": "spsuqki",
    "correct_answer": "Sessiya kaliti"
  },
  {
    "Xquestion": "spstqao",
    "correct_answer": "Iyerarxik tizim orqali"
  },
  {
    "Xquestion": "fpqkma",
    "correct_answer": "Faktorlash muammosi"
  },
  {
    "Xquestion": "fpznb",
    "correct_answer": "Tasodifiy \"e\" ning tanlanishiga"
  },
  {
    "Xquestion": "fpnqh",
    "correct_answer": "N=p×q"
  },
  {
    "Xquestion": "spqaf",
    "correct_answer": "Modul bo‘yicha darajaga ko‘tarish"
  },
  {
    "Xquestion": "spztn",
    "correct_answer": "Avtorizatsiya masalasining hal qilinmagani"
  },
  {
    "Xquestion": "fptqeqbk",
    "correct_answer": "Tasodifiy ravishda 0 yoki 1"
  },
  {
    "Xquestion": "zapqjt",
    "correct_answer": "Tomonlarning anonimligini"
  },
  {
    "Xquestion": "spkna",
    "correct_answer": "Diskret logorifmlash muammosiga"
  },
  {
    "Xquestion": "nbapqvb",
    "correct_answer": "Maxfiy ma’lumotlarni oshkor etmasdan tasdiqlashni ta’minlaydi"
  },
  {
    "Xquestion": "zdisonok",
    "correct_answer": "Xavfsizlikni oshiradi"
  },
  {
    "Xquestion": "fpnbpvqqsbk",
    "correct_answer": "Tub sonlar"
  },
  {
    "question": "yqiumhivatixstamunfykt",
    "correct_answer": "30"
  },
  {
    "question": "yiyjmyimnunbokt",
    "correct_answer": "10"
  },
  {
    "question": "yrotmndentottrker",
    "correct_answer": "10"
  },
  {
    "question": "atana",
    "correct_answer": "bu tadqiqotchilar va olimlarning o'z ishlanmalarini tijoratlashtirishda ishtirok etishini anglatadi"
  },
  {
    "question": "aomiimmvaheiyhicyt",
    "correct_answer": "Innovatsion loyihalar"
  },
  {
    "question": "aoxybsymyxtyiiqkvatosbfybl",
    "correct_answer": "Startaplar loyihalari"
  },
  {
    "question": "amehavheuaybvaftnqyt",
    "correct_answer": "Amaliy tadqiqotlar"
  },
  {
    "question": "apppopmag",
    "correct_answer": "universitetga yuqori texnologiyaga asoslangan firmalarni yaratgan xodimlarni jalb etish"
  },
  {
    "question": "afbyvaktytbibm",
    "correct_answer": "Universitet 1.0"
  },
  {
    "question": "bb",
    "correct_answer": "O'z tashkiloti(o'z mamlakatida yoki xorijda faoliyat ko'rsatayotgan tarmog'iga yoki tarmoqqa taalluqligidan qat'iy nazar jarayonlari o'xshash tashkilotlardan) faoliyatini yaxshilash uchun boshqa tashkilotlarning ilg'or tajribasini o'rganish, amaliyotiga moslashish jarayoni."
  },
  {
    "question": "bvarbbvaincqmmkbuv",
    "correct_answer": "Scopus"
  },
  {
    "question": "batoqrb",
    "correct_answer": "1862 y."
  },
  {
    "question": "bmtuiiktq",
    "correct_answer": "amerikalik tadqiqotchi Genri Itskovits"
  },
  {
    "question": "btuamqubbohoh",
    "correct_answer": "Massachuseta texnologik universiteti bilan"
  },
  {
    "question": "btnyvaqduqo",
    "correct_answer": "1951 yilda AQShning Kaliforniya shtatidagi Stenford universitetida"
  },
  {
    "question": "bdqyydvti",
    "correct_answer": "1999 yilda"
  },
  {
    "question": "bdyindvii",
    "correct_answer": "29 ta"
  },
  {
    "question": "bdqi",
    "correct_answer": "1999 yil, 19 iyun"
  },
  {
    "question": "buonqqq",
    "correct_answer": "1158 y."
  },
  {
    "question": "buqtt",
    "correct_answer": "1088 y."
  },
  {
    "question": "bkunasa",
    "correct_answer": "3 ta"
  },
  {
    "question": "bkqunakom",
    "correct_answer": "O'rta asrlar, birinchi avlod universitetlari, Tadqiqot universitetlari hamda Uchinchi avlod universitetlari."
  },
  {
    "question": "dbvamdhootmhemicvaao",
    "correct_answer": "Maqsadli loyihalar"
  },
  {
    "question": "fvakafbmtootm",
    "correct_answer": "Universitet"
  },
  {
    "question": "gtqtumlvamtobyuta",
    "correct_answer": "ingliz"
  },
  {
    "question": "gfib",
    "correct_answer": "Birinchi navbatda yangi ijtimoy .... paydo bol"
  },
  {
    "question": "iatxabvaogfyqquo",
    "correct_answer": "Stenfordga"
  },
  {
    "question": "ivaiftqnmivatubq",
    "correct_answer": "21-moddasida"
  },
  {
    "question": "ivaiftqnmidktq",
    "correct_answer": "23-moddasida"
  },
  {
    "question": "ivaiftqnmyivaifjeq",
    "correct_answer": "11-moddasida"
  },
  {
    "question": "ivaiftqnmivaifsayk",
    "correct_answer": "4-moddasida"
  },
  {
    "question": "iyrknbvapi",
    "correct_answer": "5 bob, 5 §"
  },
  {
    "question": "iyrkisbttqby",
    "correct_answer": "4- bobda"
  },
  {
    "question": "iyrkyaobyxdilxsvattbtsmkkqym",
    "correct_answer": "2020-2022 yillarga"
  },
  {
    "question": "iyrkibqn",
    "correct_answer": "Ilm-fanni rivojlantirish zarurati, uning joriy holati va mavjud muammolar"
  },
  {
    "question": "iyrkmkvaitoyynytqb",
    "correct_answer": "49 yosh"
  },
  {
    "question": "iyrknbiruyaoq",
    "correct_answer": "4-moddasida"
  },
  {
    "question": "iyrktbqn",
    "correct_answer": "Ilm-fanni rivojlantirishning ustuvor yo'nalishlarini amalga oshirish mexanizmlari"
  },
  {
    "question": "iyrkubqn",
    "correct_answer": "Ilm-fanni rivojlantirishning ustuvor yo'nalishlari"
  },
  {
    "question": "ifumbt",
    "correct_answer": "Mendeley"
  },
  {
    "question": "ibfhovaoeuybslbsbmhttjs",
    "correct_answer": "texnologiyalarni tijoratlashtirish"
  },
  {
    "question": "ivalnkiusmueoxa",
    "correct_answer": "fundamental tadqiqotlar bilan shug'ullanuvchi universitetlar, tijorat tovarlarini ishlab chiqaruvchi tarmoqlar va bozorni tartibga soluvchi hukumat."
  },
  {
    "question": "ivaitf",
    "correct_answer": "ixtiro faqat texnika olamida yaratilsa, innovatsiya ham texnika va ham biznes olamida yaratiladi hamda amalda joriy etiladi."
  },
  {
    "question": "ktagjkbk",
    "correct_answer": "o'qituvchining bajargan o'quv yuklamasi"
  },
  {
    "question": "ktosirkbk",
    "correct_answer": "o'quv ishlari, ilmiy-uslubiy, ilmiy-tadqiqot va \"ustoz-shogird\" yuklamalari"
  },
  {
    "question": "nyborgiirbjimqkamq",
    "correct_answer": "2030 yilga"
  },
  {
    "question": "otmojbktovqnhk",
    "correct_answer": "Oliy ta'lim tizimini 2030 yilgacha rivojlantirish konsepsiyasida"
  },
  {
    "question": "otmtfivaintfubntukbjevnhk",
    "correct_answer": "Oliy ta'lim tizimini 2030 yilgacha rivojlantirish konsepsiyasida"
  },
  {
    "question": "orovaomtvgekbhqdic",
    "correct_answer": "ilm-fanni 2030 yilgacha rivojlantirish"
  },
  {
    "question": "orpiyrkttgfqqq",
    "correct_answer": "2020 yil 29 oktabr"
  },
  {
    "question": "orporottyrkttgfqqq",
    "correct_answer": "2019 yil 8 oktabr"
  },
  {
    "question": "orpyofbtifyrk",
    "correct_answer": "mazkur yo'nalishni rivojlantirish yo'lidagi 19 ta muammo alohida belgilandi"
  },
  {
    "question": "orivaiftgqqqq",
    "correct_answer": "2019 yil 29 oktabr"
  },
  {
    "question": "oriftgqqqq",
    "correct_answer": "2020 yil 24 iyul"
  },
  {
    "question": "orybgiirbjimqkevqnhk",
    "correct_answer": "Oliy ta'lim tizimini 2030 yilgacha rivojlantirish konsepsiyasida"
  },
  {
    "question": "psyiyndn",
    "correct_answer": "O'qituvchining innovatsion faoliyati"
  },
  {
    "question": "qbiuenmmmq",
    "correct_answer": "XX asrning oxirlaridan boshlab"
  },
  {
    "question": "qumftxvaiitebcittq",
    "correct_answer": "Universitet-2.0"
  },
  {
    "question": "quomdtii",
    "correct_answer": "Universitet 3.0"
  },
  {
    "question": "qimheumvavivabmmvavkhscm",
    "correct_answer": "Ilmiy loyihalar"
  },
  {
    "question": "rmutiktbuyronne",
    "correct_answer": "akademik va biznes-elementlarni namoyon etadi."
  },
  {
    "question": "stntqm",
    "correct_answer": "2 ta"
  },
  {
    "question": "stqtb",
    "correct_answer": "oddiy va murakkab turlari"
  },
  {
    "question": "sktntbi",
    "correct_answer": "24"
  },
  {
    "question": "smbasq",
    "correct_answer": "kengaytirilgan qidiruv"
  },
  {
    "question": "smbasq",
    "correct_answer": "tashkilot bo'yicha qidiruv"
  },
  {
    "question": "smbaiyqna",
    "correct_answer": "2 ta so'zdan tarkib topgan maqolani qidirish uchun"
  },
  {
    "question": "smbasq",
    "correct_answer": "muallif bo'yicha qidiruv"
  },
  {
    "question": "smbbsq",
    "correct_answer": "oddiy qidiruv"
  },
  {
    "question": "smbfqyqna",
    "correct_answer": "Aniq farazlarni qidirish"
  },
  {
    "question": "smbitoqqboao",
    "correct_answer": "View citation"
  },
  {
    "question": "smboiyqna",
    "correct_answer": "hech bo'lmaganda 2 ta so'zdan bittasi bo'yicha maqolani qidirish uchun"
  },
  {
    "question": "smbqihyo",
    "correct_answer": "1 tadan ko'p maqola chop etganlar uchun"
  },
  {
    "question": "sikbvaimbshqvb",
    "correct_answer": "Mendeley"
  },
  {
    "question": "syiqudrboetub",
    "correct_answer": "Massachusets texnologiya instituti"
  },
  {
    "question": "sltdnyktok",
    "correct_answer": "1976 yili Forbes"
  },
  {
    "question": "tjvaitsvaroaqhybouoobbtoqt",
    "correct_answer": "Fundamental tadqiqotlar"
  },
  {
    "question": "tukrtstgyu",
    "correct_answer": "davlat, biznes va texnoparklar (iste'molchi buyurtmachilarning manfaatlarini ifodlovchi sifatidagi) bilan hamkorligi rivojlanmoqda."
  },
  {
    "question": "tukmbkh",
    "correct_answer": "Stenford universiteti professori Genri Itskovits hisoblanadi"
  },
  {
    "question": "tukmk",
    "correct_answer": "Genri Itskovits"
  },
  {
    "question": "turonsuaqobqbi",
    "correct_answer": "bilimlarni \"generatsiyalash\" mexanizmni shakllantirish"
  },
  {
    "question": "tutqvaqb",
    "correct_answer": "Kaliforniyada (XX asrning 40 yillarining oxiri 50 yillarning boshlarida) Silikova (Kremli) vodiysida"
  },
  {
    "question": "tutm",
    "correct_answer": "madaniy-ta'lim; ilmiy-tadqiqot; innovatsion-tadbirkorlik."
  },
  {
    "question": "tuhbktoxkustokcmbhu",
    "correct_answer": "G.Itskovitsning"
  },
  {
    "question": "tum",
    "correct_answer": "Tadbirkor, Innovator, integrator"
  },
  {
    "question": "tbslusmro",
    "correct_answer": "Gipotezasi"
  },
  {
    "question": "txvaiitebcittqatvaiibbvaom",
    "correct_answer": "Universitet 2.0"
  },
  {
    "question": "tvaiffpvapfivahfiatfybaolqmsvaaote",
    "correct_answer": "3 yil muddatgacha"
  },
  {
    "question": "ttb",
    "correct_answer": "iste'molchi (xaridor) bilimlardan foydalanish huquqini olgan va o'z egasiga (texnologiyalarni ishlab chiquvchisiga) u yoki bu shaklda litsenziya (yoki boshqa) bitim shartlarida belgilangan miqdorda haq to'laydigan texnologik uzatish shakli"
  },
  {
    "question": "tttb",
    "correct_answer": "ilmiy-tadqiqot natijalari o'z vaqtida bozorda mahsulot va xizmatlarga aylantiriladigan jarayondir"
  },
  {
    "question": "tuqxktb",
    "correct_answer": "shartnoma, hajmi, almashuv darjasi va texnologiyalar transferi turi bo'yicha"
  },
  {
    "question": "traquqo",
    "correct_answer": "yuqori kurs talabalarini o'qitmaydiganlar, tor mutaxassisliklar tayyorlaydigan, besh yil ichida 1000 ta ilmiy ishlar, shu jumladan bir yilda 200 tadan kam nashr ettirganlar"
  },
  {
    "question": "trk",
    "correct_answer": "Ingliz tilidagi mamlakatlar uchun ustuvorlik yuqori. Reyting faqat ingliz tilidagi ilmiy nashrlarni tahlil qiladi. Bundan aksariyat uchinchi mamalatlarning OTMlari o'z ulushini yo'qotishadi"
  },
  {
    "question": "ub",
    "correct_answer": "fundamental va ko'pgina amaliy fanlar bo'yicha mutaxassislar tahsil olishadigan oliy ta'lim muassasi"
  },
  {
    "question": "ubnuonluskc",
    "correct_answer": "fundamental va ko'pgina amaliy fanlar bo'yicha mutaxassislar tahsil olishadigan oliy ta'lim muassasi"
  },
  {
    "question": "umybqvaqpb",
    "correct_answer": "XX asrning 50-60 yillarida AQSh va Kanadada"
  },
  {
    "question": "uuhbooxu",
    "correct_answer": "Universitet professorlari tomonidan talabalarni ilmga jalb etish orqali erishiladigan tadqiqot faoliyati hisoblangan"
  },
  {
    "question": "uyunbtmna",
    "correct_answer": "Gumboldt"
  },
  {
    "question": "ubmm",
    "correct_answer": "bank tarmog'i rivojlanmagan mintaqalarida moliyaviy xizmatlarni kengaytirishni yengillashtirish"
  },
  {
    "question": "vnikababvaejkdyyl",
    "correct_answer": "Ijodiy loyihalar"
  },
  {
    "question": "wosximbiqxijceumsouynfykt",
    "correct_answer": "0, 2"
  },
  {
    "question": "wosximbiqxijhnootcemsyqokt",
    "correct_answer": "10"
  },
  {
    "question": "wosximbiqxijootcebmnxhsyqokt",
    "correct_answer": "2"
  },
  {
    "question": "xyikbhynvjtqkt",
    "correct_answer": "2"
  },
  {
    "question": "yokmktvaqtspyttkifn",
    "correct_answer": "Ta'limdagi innovatsiyalar"
  },
  {
    "question": "ytyjmmixnvabytmkifn",
    "correct_answer": "Ilmiy va texnologik innovatsiyalar"
  },
  {
    "question": "ybtsua",
    "correct_answer": "Xalmers universiteti (Geteborg)"
  },
  {
    "question": "ybub",
    "correct_answer": "Bolonya universiteti"
  },
  {
    "question": "zginkut",
    "correct_answer": "Uchta: bilim; texnologiya; tadbirkorlik tashabbuskorligi."
  },
  {
    "question": "zubf",
    "correct_answer": "innovatorlarni tayyorlash"
  },
  {
    "question": "Knvuaiaiyq?",
    "correct_answer": "Kriptologiya - ma'lumotlarni himoya qilish va tahlil qilishni o'rganadigan ilmiy soha"
  },
  {
    "question": "Kvkoafn?",
    "correct_answer": "Kriptografiya ma'lumotlarni shifrlash, kriptoanaliz esa shifrni buzish bilan shug'ullanadi"
  },
  {
    "question": "Ksqxe?",
    "correct_answer": "Oddiy algoritmlar bo'lib, har xil tahlil usullariga qarshi zaif"
  },
  {
    "question": "Kskamn?",
    "correct_answer": "Shifrni buzish va asl matnni tiklash"
  },
  {
    "question": "Kabn?",
    "correct_answer": "Algoritmning turli xil hujumlarga nisbatan chidamliligi"
  },
  {
    "question": "Hmnn?",
    "correct_answer": "Algoritmning bajarilishi uchun kerak bo'ladigan vaqt va xotira resurslari"
  },
  {
    "question": "Kbbqhoho?",
    "correct_answer": "Algoritmga nisbatan hujum usullari va tizimning chidamliligi"
  },
  {
    "question": "Kabbuqmf?",
    "correct_answer": "Algoritmga qarshi hujumlarning samaradorligi"
  },
  {
    "question": "Svaktpafn?",
    "correct_answer": "Simmetrik tizimda bitta kalit, asimmetrik tizimda ikkita kalit ishlatiladi"
  },
  {
    "question": "Kstqqsui?",
    "correct_answer": "Harf chastotasini tahlil qilish va brute-force usuli"
  },
  {
    "question": "Ssmqsm?",
    "correct_answer": "Shifrlash kaliti yordamida harflarni almashtirish"
  },
  {
    "question": "Ksmhcqtqm?",
    "correct_answer": "Eng ko'p uchraydigan harflarni aniqlash"
  },
  {
    "question": "Msbqsui?",
    "correct_answer": "Harf chastotasi tahlili"
  },
  {
    "question": "Vstqqui?",
    "correct_answer": "Kasiski testi"
  },
  {
    "question": "Bqkuaq?",
    "correct_answer": "Kichik o'lchamli kalitlarda shifrni tezda buzishga yordam beradi"
  },
  {
    "question": "Sbsdkqqm?",
    "correct_answer": "Matnni tahlil qilish va farqlarni aniqlash"
  },
  {
    "question": "Puqim?",
    "correct_answer": "Xesh funktsiyasining kolliziyasini topish"
  },
  {
    "question": "Dlmqym?",
    "correct_answer": "Pollard rho usulini qo'llash orqali"
  },
  {
    "question": "Skbttqqbq?",
    "correct_answer": "Chiziqli kriptoanaliz"
  },
  {
    "question": "Ksbuqstum?",
    "correct_answer": "Brute-force va harf chastotasini tahlil qilish"
  },
  {
    "question": "Susbstqqro?",
    "correct_answer": "Shifrlangan matnning statistik xususiyatlarini tahlil qilish orqali shifrni buzish"
  },
  {
    "question": "Dkqqao?",
    "correct_answer": "Shifrlangan matnlar orasidagi farqlarni tahlil qilish orqali kalitni topish"
  },
  {
    "question": "Ckapni?",
    "correct_answer": "Chiziqli munosabatlar orqali shifrlash kalitini aniqlash"
  },
  {
    "question": "Cdkqqao?",
    "correct_answer": "Chiziqli va differensial usullarning birikmasi orqali shifrlarni buzish"
  },
  {
    "question": "Dkamni?",
    "correct_answer": "Kiruvchi va chiquvchi bloklar orasidagi farqlarni tahlil qilish"
  },
  {
    "question": "Suqsqs?",
    "correct_answer": "Oddiy va blokli shifrlarga qarshi"
  },
  {
    "question": "Ckqui?",
    "correct_answer": "Ma'lum chiziqli munosabatlarni kuzatish"
  },
  {
    "question": "Cdkqsb?",
    "correct_answer": "Shifrlash algoritmi kam himoyalangan bo'lsa"
  },
  {
    "question": "Stqasi?",
    "correct_answer": "Statistik o'zgaruvchanlikni saqlamaydigan algoritmlarda"
  },
  {
    "question": "Dkuqmz?",
    "correct_answer": "Kiruvchi va chiquvchi bloklarning farqlari"
  },
  {
    "question": "Suybsqtqm?",
    "correct_answer": "Shifrlangan matnning tarqalishini kuzatish"
  },
  {
    "question": "Dkbstqabq?",
    "correct_answer": "Farqlarni aniqlash va kalitni aniqlash"
  },
  {
    "question": "Ckstqao?",
    "correct_answer": "Chiziqli bog'liqliklarni aniqlash orqali"
  },
  {
    "question": "Dkqans?",
    "correct_answer": "DES kabi blokli algoritmlarga"
  },
  {
    "question": "Cdkamn?",
    "correct_answer": "Shifrlash kalitini aniqlash uchun chiziqli va differensial usullarni birlashtirish"
  },
  {
    "question": "Cknqo?",
    "correct_answer": "Chiziqli tenglamalar orqali kalitni topish"
  },
  {
    "question": "Dkjquq?",
    "correct_answer": "Kiruvchi va chiquvchi bloklar o'rtasidagi farqlarni tahlil qilish"
  },
  {
    "question": "Bsstqao?",
    "correct_answer": "Shifrlangan matnning xususiyatlarini tahlil qilish"
  },
  {
    "question": "Cdksuqi?",
    "correct_answer": "Bloklar orasidagi bog'liqlikni aniqlash orqali"
  },
  {
    "question": "Dkuqdmk?",
    "correct_answer": "Kiruvchi va chiquvchi bloklarning statistik farqlari"
  },
  {
    "question": "Akamni?",
    "correct_answer": "Shifrlash algoritmining matematik tenglamalarini yechish"
  },
  {
    "question": "Ikqsh?",
    "correct_answer": "Ma'lum shifrlash bloklarida bitlarning umumiy yig'indisi kuzatilganda"
  },
  {
    "question": "Shusanq?",
    "correct_answer": "Iterativ shifrlash algoritmlariga"
  },
  {
    "question": "Axgakmni?",
    "correct_answer": "Shifrlash jarayonida yuzaga kelgan apparat xatolaridan foydalanib shifrni buzish"
  },
  {
    "question": "Ikqtq?",
    "correct_answer": "Shifr bloklaridagi bitlarning o'zgarishi kuzatiladi"
  },
  {
    "question": "Akqvq?",
    "correct_answer": "Matematik tenglamalar tizimlarini yechish usullari"
  },
  {
    "question": "Shustsb?",
    "correct_answer": "Kam iteratsiyali shifrlash tizimlarida"
  },
  {
    "question": "Axakuqmz?",
    "correct_answer": "Xatolik paydo bo'lgan kiruvchi va chiquvchi bloklar"
  },
  {
    "question": "Ikayq?",
    "correct_answer": "Bloklar yig'indisi yoki bitlarning tahliliga asoslangan"
  },
  {
    "question": "Akqazh?",
    "correct_answer": "Matematik modellarga asoslangan murakkablik darajasi past algoritmlar"
  },
  {
    "question": "Akqmush?",
    "correct_answer": "Matematik tenglamalarni yechish usullari"
  },
  {
    "question": "Ikbsqtq?",
    "correct_answer": "Shifr bitlarining umumiy yig'indisini kuzatib borish"
  },
  {
    "question": "Shqao?",
    "correct_answer": "Shifrlash algoritmidagi iteratsiyalar orasidagi bog'liqlikni kuzatish orqali"
  },
  {
    "question": "Axgahqvq?",
    "correct_answer": "Shifrlash algoritmidagi apparat muammolarini tahlil qilish"
  },
  {
    "question": "Atjqufk?",
    "correct_answer": "Tenglamalar tizimini yechish uchun algoritmik yondashuvlar"
  },
  {
    "question": "Ikanqo?",
    "correct_answer": "Bitlar yig'indisi yoki blok o'zgarishlari orqali"
  },
  {
    "question": "Shuqsbk?",
    "correct_answer": "Iteratsiyali shifrlash algoritmi mavjud bo'lishi"
  },
  {
    "question": "Axgjno?",
    "correct_answer": "Xatoliklardan foydalanib shifrlash kalitini topish"
  },
  {
    "question": "Atqans?",
    "correct_answer": "Murakkab bo'lmagan iterativ algoritmlarga"
  },
  {
    "question": "Ikqmaro?",
    "correct_answer": "Shifr bitlarining umumiy yig'indisi"
  },
  {
    "question": "Akaxn?",
    "correct_answer": "Ochiq va yopiq kalitlardan foydalanishi"
  },
  {
    "question": "Fmqh?",
    "correct_answer": "Ikkita katta sonni ko'paytuvchilarga ajratish murakkabligi"
  },
  {
    "question": "Dlmqoa?",
    "correct_answer": "Modular eksponentatsiya"
  },
  {
    "question": "Raxqmb?",
    "correct_answer": "Faktorlash muammosi murakkabligiga"
  },
  {
    "question": "DXaqkukit?",
    "correct_answer": "Diskret logarifmlash muammosini yechishga asoslangan hujum"
  },
  {
    "question": "Akqkob?",
    "correct_answer": "Ochiq kalit"
  },
  {
    "question": "Fmhquqaq?",
    "correct_answer": "Kvadrat elak algoritmi va generalizatsiyalangan elak usuli"
  },
  {
    "question": "Akqmhqa?",
    "correct_answer": "Faktorlash va diskret logarifmlash muammolari"
  },
  {
    "question": "Dlmamnb?",
    "correct_answer": "Katta sondagi eksponentatsiya operatsiyalarining qayta tahliliga"
  },
  {
    "question": "Fvdlaqtbqhp?",
    "correct_answer": "Kvant kompyuterlari bilan ishlaganda"
  },
  {
    "question": "Raykqhl?",
    "correct_answer": "Yopiq kalit faqat egasi tomonidan ishlatilishi kerak"
  },
  {
    "question": "DXaztqa?",
    "correct_answer": "Diskret logarifmlash muammosi bo'yicha tahlil qilish orqali"
  },
  {
    "question": "Fmyqtesh?",
    "correct_answer": "Kvant kompyuterlar"
  },
  {
    "question": "Dlmshqqyi?",
    "correct_answer": "Indeksli kvadrat usuli"
  },
  {
    "question": "Raovykubk?",
    "correct_answer": "2048 bit yoki undan yuqori"
  },
  {
    "question": "DXaqmq?",
    "correct_answer": "Modular eksponentatsiya maydonlarida"
  },
  {
    "question": "Akxqom?",
    "correct_answer": "Kalit uzunligini oshirish orqali"
  },
  {
    "question": "Fmaituquex?",
    "correct_answer": "Kvant kompyuterlarga asoslangan hujumlar"
  },
  {
    "question": "Dlmmpoq?",
    "correct_answer": "Kichik eksponent va modul qiymatlarining ishlatilishi"
  },
  {
    "question": "KkRaqtk?",
    "correct_answer": "Faktorlash muammosini samarali hal qiladi"
  },
  {
    "question": "Xfavn?",
    "correct_answer": "Ma'lumotlarning ixcham xesh qiymatini yaratish"
  },
  {
    "question": "Tkmna?",
    "correct_answer": "Xesh funksiyalarida ikkita bir xil xesh qiymatni topish ehtimoli"
  },
  {
    "question": "Mxaztn?",
    "correct_answer": "Kolliziya zaifligi"
  },
  {
    "question": "NvDttqmi?",
    "correct_answer": "Tasodifiy sonlar generatorlarini tekshirish uchun"
  },
  {
    "question": "MvMakxqob?",
    "correct_answer": "XOR va ADD operatsiyalari"
  },
  {
    "question": "Xfkktna?",
    "correct_answer": "Ikki xil ma'lumot uchun bir xil xesh qiymatni topish"
  },
  {
    "question": "Tsgxnb?",
    "correct_answer": "Deterministik bo'lmagan usullardan foydalanish"
  },
  {
    "question": "Tkpoamn?",
    "correct_answer": "Tasodifiy hodisalar orasida bog‘liqlikni aniqlash"
  },
  {
    "question": "Makutq?",
    "correct_answer": "Kolliziya hujumlari"
  },
  {
    "question": "Nttntm?",
    "correct_answer": "Tasodifiy sonlar generatorining sifati va xavfsizligi"
  },
  {
    "question": "Xfxqom?",
    "correct_answer": "Kalit uzunligini oshirish va tasodifiylikni ta'minlash"
  },
  {
    "question": "Tkmqjxt?",
    "correct_answer": "Raqamli imzo va sertifikatlar tizimida"
  },
  {
    "question": "Maztix?",
    "correct_answer": "Yo'q, kolliziya zaifligi mavjud"
  },
  {
    "question": "Tsgtqqtq?",
    "correct_answer": "DIEHARD va NIST testlari"
  },
  {
    "question": "Nttqtmf?",
    "correct_answer": "Generatorning tasodifiy sonlar hosil qilish qobiliyatini baholash"
  },
  {
    "question": "Makxkunql?",
    "correct_answer": "Zamonaviy xesh algoritmlariga o'tish"
  },
  {
    "question": "Dtqsq?",
    "correct_answer": "Tasodifiy sonlar generatorlarining tasodifiyligini baholashda"
  },
  {
    "question": "Mauqukxt?",
    "correct_answer": "Kolliziya hujumlari"
  },
  {
    "question": "Tsgqeqam?",
    "correct_answer": "Statistik testlarni qo‘llash orqali"
  },
  {
    "question": "MvMaoqtate?",
    "correct_answer": "SHA-2 yoki SHA-3"
  },
  {
    "question": "Osaatn?",
    "correct_answer": "Ma'lumotlarni bitma-bit shifrlash"
  },
  {
    "question": "Ckuqi?",
    "correct_answer": "Shifrlash jarayonidagi chiziqli bog‘liqliklarni tahlil qiladi"
  },
  {
    "question": "Osadkqtq?",
    "correct_answer": "Kirish va chiqish ma'lumotlari o‘rtasidagi o‘zgarishlarni tahlil qilish"
  },
  {
    "question": "Qkakn?",
    "correct_answer": "Kriptotizimning energiya iste'moli, vaqt yoki elektromagnit nurlanish kabi tashqi ko‘rsatkichlarini tahlil qilish"
  },
  {
    "question": "Akqja?",
    "correct_answer": "Algoritmlarni matematik tenglamalar sifatida ifodalash va yechish"
  },
  {
    "question": "Qkfuztn?",
    "correct_answer": "Faqat maxsus uskunalar yordamida amalga oshiriladi"
  },
  {
    "question": "Kytfqsq?",
    "correct_answer": "Katta ma’lumotlarni qayta ishlash va mashinaviy o‘qitishda"
  },
  {
    "question": "Osaxtuqck?",
    "correct_answer": "Tasodifiy kalit oqimini yaratish uchun yuqori sifatli generatorlardan foydalanish"
  },
  {
    "question": "Dkqaukxt?",
    "correct_answer": "Simmetrik shifrlash algoritmlari uchun"
  },
  {
    "question": "Cdkqmq?",
    "correct_answer": "Shifrlash algoritmlaridagi chiziqli va differensial bog‘liqliklarni birgalikda tahlil qilish"
  },
  {
    "question": "Qkakqaom?",
    "correct_answer": "Shifrlash algoritmining elektromagnit nurlanishini tahlil qilish orqali"
  },
  {
    "question": "Osadtqta?",
    "correct_answer": "Kirish va chiqish ma'lumotlaridagi o‘zgarishlarni kuzatish orqali"
  },
  {
    "question": "Ckqsb?",
    "correct_answer": "Oqimli shifrlash algoritmlarining statistik zaifligi mavjud bo‘lganda"
  },
  {
    "question": "Qkakqmtq?",
    "correct_answer": "Energiya iste’moli, vaqt va elektromagnit nurlanish"
  },
  {
    "question": "Ytfkjk?",
    "correct_answer": "Mashinaviy o‘qitish orqali zaifliklarni tezroq topish"
  },
  {
    "question": "Dtqno?",
    "correct_answer": "Shifrlash algoritmidagi ma’lumotlarning o‘zgarish farqlari"
  },
  {
    "question": "Osacduqna?",
    "correct_answer": "Chiziqli va differensial bog‘liqliklarni birgalikda tahlil qilish"
  },
  {
    "question": "Qfkfaukamn?",
    "correct_answer": "Kriptotizimning tashqi zaifliklarini aniqlash"
  },
  {
    "question": "Motkqf?",
    "correct_answer": "Shifrlash algoritmlarining zaif tomonlarini avtomatik aniqlashda"
  },
  {
    "question": "Atosatq?",
    "correct_answer": "Matematik tenglamalar orqali algoritmlarning zaif tomonlarini aniqlash"
  },
  {
    "question": "ORPORkstvifrbqctP293sQqq?",
    "correct_answer": "2024-yil 15-avgust"
  },
  {
    "question": "Iqsf?",
    "correct_answer": "Barcha javoblar to‘g‘ri"
  },
  {
    "question": "YvxbsiqIimb?",
    "correct_answer": "uy va binolarni avtomatlashtirish"
  },
  {
    "question": "Itshtmtvlftumh”.BqIimb?",
    "correct_answer": "aqlli shaharlar"
  },
  {
    "question": "Ah,aq,qtemsvetrfo‘itsoetb?",
    "correct_answer": "aqlli energetik tarmoqlar"
  },
  {
    "question": "EISvqk,etkPqcdfm?",
    "correct_answer": "3-148 kHz"
  },
  {
    "question": "Iiq,l,ng,t,e/kx,t-ksvm,avbsq?",
    "correct_answer": "sanoatlashgan IoT"
  },
  {
    "question": "Itmaqszdknigam?",
    "correct_answer": "2"
  },
  {
    "question": "Itmaqszdknigqgam?",
    "correct_answer": "Qisqa va uzoq masofali"
  },
  {
    "question": "Qmasqkik?",
    "correct_answer": "IEEE 802.11, IEEE 802.15.1, IEEE 802.15.4"
  },
  {
    "question": "Qmasqoiqqdi?",
    "correct_answer": "2,400–2,4835 GGts"
  },
  {
    "question": "Umasqoiqqdi?",
    "correct_answer": "868–870 MGts"
  },
  {
    "question": "Umasqkjt?",
    "correct_answer": "LoRA"
  },
  {
    "question": "Iqni“ic”iiqmt?",
    "correct_answer": "Barcha javoblar to‘g‘ri"
  },
  {
    "question": "Aoqmi?",
    "correct_answer": "Barcha javoblar to‘g‘ri"
  },
  {
    "question": "Foumxtb?",
    "correct_answer": "ROM"
  },
  {
    "question": "RHiaIoqao‘vcdnsa?",
    "correct_answer": "3"
  },
  {
    "question": "Qhidsksuixb?",
    "correct_answer": "ROM"
  },
  {
    "question": "DTo‘vbkbvmuixb?",
    "correct_answer": "RAM"
  },
  {
    "question": "R0-s(C0)qikt?",
    "correct_answer": "RAM (<<10 KiB), ROM (<<100 KiB)"
  },
  {
    "question": "R1-s(C1)qikt?",
    "correct_answer": "RAM (~10 KiB), ROM (~100 KiB)"
  },
  {
    "question": "R2-s(C2)qikt?",
    "correct_answer": "RAM (~50 KiB), ROM (~250 KiB)"
  },
  {
    "question": "Usqoamhqhbmme.GRqsha?",
    "correct_answer": "0-sinf"
  },
  {
    "question": "Uctunmpsfmk(m,UoC).GRqsha?",
    "correct_answer": "1-sinf"
  },
  {
    "question": "Usqkcvaanvsippskq-vqd.GRqsha?",
    "correct_answer": "2-sinf"
  },
  {
    "question": "Ibmaptkqt?",
    "correct_answer": "TelosB, Zolertia Z1, OpenMote"
  },
  {
    "question": "Ibmaptkqt?",
    "correct_answer": "Arduino, Raspberry Pi, OpenMote"
  },
  {
    "question": "Ibmadptkqt?",
    "correct_answer": "OpenWSN, TinyOS, Contiki OS"
  },
  {
    "question": "Ibmadptkqt?",
    "correct_answer": "FreeRTOS, TinyOS, Contiki OS"
  },
  {
    "question": "NuaADkalyIqbfb?",
    "correct_answer": "Barcha javoblar to‘g‘ri"
  },
  {
    "question": "DAkuktq?",
    "correct_answer": "56 bit"
  },
  {
    "question": "DAbtq?",
    "correct_answer": "64 bit"
  },
  {
    "question": "DAqqtsa?",
    "correct_answer": "Feystel tarmog'i"
  },
  {
    "question": "AAqqtsa?",
    "correct_answer": "SP tarmoq"
  },
  {
    "question": "AtHPviIpsqpao?",
    "correct_answer": "CoAP"
  },
  {
    "question": "AtTPviIpsqpao?",
    "correct_answer": "UDP"
  },
  {
    "question": "AtIviIpsqpao?",
    "correct_answer": "IPv6/6LowPAN"
  },
  {
    "question": "AtHSviIpsqpao?",
    "correct_answer": "CoAPs"
  },
  {
    "question": "AtTviIpsqpao?",
    "correct_answer": "DTLS"
  },
  {
    "question": "LC-b?",
    "correct_answer": "Yengil vaznli kriptografiya"
  },
  {
    "question": "TEA(T)abunb?",
    "correct_answer": "64"
  },
  {
    "question": "TEA(T)akunb?",
    "correct_answer": "128"
  },
  {
    "question": "TAekmqknbq?",
    "correct_answer": "126"
  },
  {
    "question": "Mpavybsbshk?",
    "correct_answer": "SEA"
  },
  {
    "question": "SAb,kunp(ys‘)o‘bqk?",
    "correct_answer": "n mod 6b = 0"
  },
  {
    "question": "S(n,b)ab=8b,bvknubmtqi?",
    "correct_answer": "48"
  },
  {
    "question": "S(n,b)ab=8b,bvknubmtqi?",
    "correct_answer": "96"
  },
  {
    "question": "Psaqqtsa?",
    "correct_answer": "SP tarmoq"
  },
  {
    "question": "Psabunbt?",
    "correct_answer": "64"
  },
  {
    "question": "Psakunbt?",
    "correct_answer": "80, 128"
  },
  {
    "question": "Psarsnt?",
    "correct_answer": "31"
  },
  {
    "question": "PsafSjo'k?",
    "correct_answer": "4x4"
  },
  {
    "question": "Psapbnbuqaao?",
    "correct_answer": "64"
  },
  {
    "question": "Hsakunbt?",
    "correct_answer": "128"
  },
  {
    "question": "Hsarsnt?",
    "correct_answer": "32"
  },
  {
    "question": "Hsabunbt?",
    "correct_answer": "64"
  },
  {
    "question": "Hsaqqtsa?",
    "correct_answer": "Feystel tarmog'i"
  },
  {
    "question": "Yvaaaasqkxt?",
    "correct_answer": "GE soni"
  },
  {
    "question": "Yvadaasqkxt?",
    "correct_answer": "kod hajmi"
  },
  {
    "question": "Icqoktqmabkuf?",
    "correct_answer": "Elliktik egri chiziqqa asoslangan"
  },
  {
    "question": "Nt80bskknbRKta?",
    "correct_answer": "1024"
  },
  {
    "question": "Nt80bskknbEKta?",
    "correct_answer": "160"
  },
  {
    "question": "Xqhb,h=h(m)b’mxyoxfo‘qb.Bqha?",
    "correct_answer": "pre-image"
  },
  {
    "question": "m1xb,h(m1)=h(m2)sqbm2xtqb.Bqha?",
    "correct_answer": "second pre-image"
  },
  {
    "question": "m1≠m2bim1vm2xtqb,by,h(m1)=h(m2).",
    "correct_answer": "kolliziya"
  },
  {
    "question": "X,n-bcxfpviittpbnetq?",
    "correct_answer": "2^n"
  },
  {
    "question": "X,n-bcxfkhbnetq?",
    "correct_answer": "2^(n/2)"
  },
  {
    "question": "D-PvH-Pxfqsakb?",
    "correct_answer": "PRESENT"
  },
  {
    "question": "D-Pxfxqut?",
    "correct_answer": "64"
  },
  {
    "question": "H-Pxfxqut?",
    "correct_answer": "128"
  },
  {
    "question": "88,128,160,224v256bcxyvxfob?",
    "correct_answer": "SPONGENT"
  },
  {
    "question": "136,176v256bxo'xfob?",
    "correct_answer": "QUARK"
  },
  {
    "question": "S-3tgsttan?",
    "correct_answer": "Keccak"
  },
  {
    "question": "Kaqkf?",
    "correct_answer": "Sponge"
  },
  {
    "question": "Skb,suhib.Gqsthb?",
    "correct_answer": "Gomomorfik"
  },
  {
    "question": "Raqanqgxe?",
    "correct_answer": "Ko'paytiruv"
  },
  {
    "question": "Paqanqgxe?",
    "correct_answer": "Qo'shish"
  },
  {
    "question": "E-Gaqanqgxe?",
    "correct_answer": "Ko'paytiruv"
  },
  {
    "question": "Dabm,yvataxpb?",
    "correct_answer": "DTLS"
  },
  {
    "question": "U'um,py,to‘vxmtkbhiqipb?",
    "correct_answer": "DTLS"
  },
  {
    "question": "Dpotskfo‘au?",
    "correct_answer": "Oldindan taqsimlangan kalit (Pre-shared Key, PSK)ga asoslangan"
  },
  {
    "question": "Dpsokaoau?",
    "correct_answer": "Xom (raw) ochiq kalitga asoslangan"
  },
  {
    "question": "Osaatmoqlknk?",
    "correct_answer": "eSTREAM"
  },
  {
    "question": "eLdaaqvyo‘sqtq?",
    "correct_answer": "128-bitli kalit, 64 va 128 bitli boshlang‘ich vektorni (IV) qo‘llab quvvatlashi kerak"
  },
  {
    "question": "eLqaaqvciqio‘sqtq?",
    "correct_answer": "80-bitli kalit, 32 va 64 bitli IVni qo‘llab quvvatlashi kerak"
  },
  {
    "question": "eLjnait?",
    "correct_answer": "34"
  },
  {
    "question": "eLdaaqmshkbnatq?",
    "correct_answer": "4"
  },
  {
    "question": "eLaaaqmshkbnatq?",
    "correct_answer": "3"
  },
  {
    "question": "eLdaaqmshkbtaok?",
    "correct_answer": "HC-128 (HC-256)"
  },
  {
    "question": "eLdaaqmshkbtaok?",
    "correct_answer": "Rabbit"
  },
  {
    "question": "eLdaaqmshkbtaok?",
    "correct_answer": "Salsa20/12"
  },
  {
    "question": "eLdaaqmshkbtaok?",
    "correct_answer": "SOSEMANUK"
  },
  {
    "question": "eLaaaqmshkbtaok?",
    "correct_answer": "Grain v1"
  },
  {
    "question": "eLaaaqmshkbtaok?",
    "correct_answer": "MICKEY 2.0"
  },
  {
    "question": "eLaaaqmshkbtaok?",
    "correct_answer": "Trivium"
  },
  {
    "question": "C(CfAE:S,A,aR)lnktq?",
    "correct_answer": "3"
  },
  {
    "question": "CLtaktqtaonk?",
    "correct_answer": "Ascon"
  },
  {
    "question": "CLtaktqtaonk?",
    "correct_answer": "ACORN"
  },
  {
    "question": "NLkAtksakutmqt?",
    "correct_answer": "128 bit"
  },
  {
    "question": "NLkAtksanutmqt?",
    "correct_answer": "96 bit"
  },
  {
    "question": "NLkAtksaatlutmqt?",
    "correct_answer": "64 bit"
  },
  {
    "question": "NLknbaao?",
    "correct_answer": "3"
  },
  {
    "question": "NLkbbnai?",
    "correct_answer": "56"
  },
  {
    "question": "NLkgbaonk?",
    "correct_answer": "Ascon"
  },
  {
    "question": "I/I29192ssosqkta?",
    "correct_answer": "Enocoro, Trivium"
  },
  {
    "question": "I/I29192ssosqkta?",
    "correct_answer": "PRESENT, CLEFIA, SIMON va SPECK , LEA."
  },
  {
    "question": "I/I29192ssosxfsqkta?",
    "correct_answer": "Photon, Spongent, Lesamnta-LW"
  },
  {
    "question": "C(CRAEC)le‘“CTG(LC)”nqbsqta?",
    "correct_answer": "AES, Camellia, CLEFIA, TDES, LED, PRINCE, PRESENT"
  },
  {
    "question": "C(CRAEC)le‘“CTG(LC)”nqAsqta?",
    "correct_answer": "ACORN, AES-GCM, AES-OTR, Ascon"
  },
  {
    "question": "Aatako?",
    "correct_answer": "Sponge"
  },
  {
    "question": "Aaih(s)unb?",
    "correct_answer": "320"
  },
  {
    "question": "AafSjo'k?",
    "correct_answer": "5x5"
  },
  {
    "question": "SbshqAuaabsbk?",
    "correct_answer": "Hight, Simon, Speck, Lea va Chaskey"
  },
  {
    "question": "SbshqAuaabsok?",
    "correct_answer": "Salsa20, ChaCha20"
  },
  {
    "question": "SbshqWuaabsbk?",
    "correct_answer": "mCrypton, Present, Led, Zorro"
  },
  {
    "question": "WvAukashsbqub?",
    "correct_answer": "LTS"
  },
  {
    "question": "Sbshqqsu kfbbmaneyi, kkubayhfnnbpbrao?",
    "correct_answer": "Bitslice"
  },
  {
    "question": "SvFtmshsbqub?",
    "correct_answer": "Gibrid"
  },
  {
    "question": "f_i(f_i(x))=xkufmufashsbqu?",
    "correct_answer": "Involyutiv"
  },
  {
    "question": "Sknbi?",
    "correct_answer": "2"
  }
]
